/* */
Create database employee_details

use employee_details

/* always first execute the "use command and the database name" */ 

CREATE TABLE Employees (
    EmployeeID INT PRIMARY KEY,
    FirstName VARCHAR(50),
    LastName VARCHAR(50),
    Department VARCHAR(50),
    Salary DECIMAL(10, 2),
    HireDate DATE
);

/* */

INSERT INTO Employees (EmployeeID, FirstName, LastName, Department, Salary, HireDate)
VALUES
(1, 'John', 'Doe', 'HR', 50000.00, '2020-01-15'),
(2, 'Jane', 'Smith', 'Finance', 60000.00, '2019-03-23'),
(3, 'Alice', 'Johnson', 'IT', 75000.00, '2021-07-10'),
(4, 'Bob', 'Brown', 'Marketing', 55000.00, '2018-09-30'),
(5, 'Charlie', 'Davis', 'IT', 70000.00, '2022-02-20');


/* Distant  statement: creating new table */
CREATE TABLE EmployeeRecords (
    EmployeeID INT PRIMARY KEY,
    FirstName NVARCHAR(50),
    LastName NVARCHAR(50),
    Department NVARCHAR(50),
    Salary DECIMAL(10, 2)
);

/* */
INSERT INTO EmployeeRecords (EmployeeID, FirstName, LastName, Department, Salary)
VALUES
(1, 'John', 'Miller', 'HR', 60000),
(2, 'Jane', 'Smith', 'Finance', 75000),
(3, 'John', 'Miller', 'HR', 60000),
(4, 'Emily', 'Davis', 'IT', 85000),
(5, 'Michael', 'Brown', 'Finance', 75000),
(6, 'Jane', 'Smith', 'Finance', 75000);
/* */
/* */
/* */
/* */

create database [Sales Database]
use [Sales Database]
-- Creating a table with more columns, including a varchar column
CREATE TABLE dbo.Sales (
    ProductID INT,
    SaleDate DATE,
    Quantity INT,
    TotalAmount DECIMAL(10, 2),
    CustomerID INT,
    StoreID INT,
    SalespersonID INT,
    PaymentMethod VARCHAR(50)  -- New varchar column for payment method
);

-- Inserting more sample data (10 records), including NULL values
INSERT INTO dbo.Sales (ProductID, SaleDate, Quantity, TotalAmount, CustomerID, StoreID, SalespersonID, PaymentMethod)
VALUES 
(1, '2023-08-01', 10, 200.00, 101, 1, 201, 'Credit Card'),
(2, '2023-08-01', 5, 150.00, 102, 1, 202, 'Cash'),
(1, '2023-08-02', 8, 160.00, 103, 2, 203, 'Credit Card'),
(2, '2023-08-02', 7, 210.00, 104, 2, 204, 'Cash'),
(1, '2023-08-03', 6, 120.00, 105, 1, 201, NULL),              -- NULL value in PaymentMethod
(3, '2023-08-04', 12, 300.00, 106, 3, 205, 'Credit Card'),
(1, '2023-08-04', 5, 100.00, 107, 3, 206, 'Debit Card'),
(2, '2023-08-05', 9, 270.00, 108, 1, 202, NULL),              -- NULL value in PaymentMethod
(3, '2023-08-05', 15, 375.00, 109, 3, 207, 'Cash'),
(1, '2023-08-06', 7, 140.00, 110, 2, 203, 'Credit Card');

/* */
/* */
-- select the Sales database to create the tables
use [Sales Database]

--Creating Table1 & insertinting records in Table1
create table table1 (C1 int, C2 nvarchar(max))
insert into table1 values (1,'A'),
(1,'B'),
(2,'C'),
(NULL,'D'),
(3,'E'),
(7,'DA')

--Creating Table2 & insertinting records in Table2
create table table2 (C1 int, C3 nvarchar(max))
insert into table2 values (1,'XA'),
(2,'MB'),
(2,'NX'),
(NULL,'MO'),
(4,'XY'),
(5,'TF')
/* */
/* */
-- select the Sales database to create the tables
use [Sales Database]
--
create table append1 (C1 int,C2 nvarchar(255),C3 int)
insert into append1 values (1,'A',7),
(2,'B',8),
(3,'C',9)



create table append2 (C1 int,C2 nvarchar(255),C3 int)
insert into append1 values (11,'AA',17),
(2,'B',8),
(33,'C1',91)
/* */
/* */
-- select the Sales database to create the tables
use [Sales Database]

-- Create Employees_us table
CREATE TABLE Employees_US (
    EmployeeID INT PRIMARY KEY,
    FirstName VARCHAR(50),
    LastName VARCHAR(50),
    Department VARCHAR(50)
);

-- Insert sample data into Employees table
INSERT INTO Employees_us (EmployeeID, FirstName, LastName, Department) VALUES
(1, 'Alice', 'Smith', 'Finance'),
(2, 'Bob', 'Johnson', 'Engineering'),
(3, 'Charlie', 'Williams', 'Marketing'),
(4, 'Diana', 'Brown', 'Finance'),
(5, 'Edward', 'Jones', 'Engineering'),
(6, 'Fiona', 'Garcia', 'Marketing'),
(7, 'George', 'Miller', 'Finance'),
(8, 'Hannah', 'Wilson', 'Engineering');

--
-- select the Sales database to create the tables
use [Sales Database]
-- Create the Products table
CREATE TABLE Products (
    ProductID INT PRIMARY KEY,
    ProductName VARCHAR(50),
    Category VARCHAR(20),
    Price DECIMAL(10, 2),
    StockQuantity INT,
    Supplier VARCHAR(50),
    Rating DECIMAL(3, 1)
);

-- Insert data into the Products table
INSERT INTO Products (ProductID, ProductName, Category, Price, StockQuantity, Supplier, Rating) VALUES
(1, 'Wireless Mouse', 'Electronics', 25.99, 150, 'Tech Supplies', 4.5),
(2, 'Office Chair', 'Furniture', 120.00, 85, 'Comfort Co', 4.7),
(3, 'Water Bottle', 'Accessories', 15.00, 250, 'AquaGear', 4.3),
(4, 'Laptop Backpack', 'Accessories', 45.99, 200, 'GearUp', 4.6),
(5, 'Gaming Laptop', 'Electronics', 999.99, 45, 'Tech Supplies', 4.8),
(6, 'Desk Lamp', 'Furniture', 35.00, 120, 'LightHouse', 4.2),
(7, 'Bluetooth Speaker', 'Electronics', 59.99, 95, 'SoundWave', 4.4),
(8, 'Standing Desk', 'Furniture', 250.00, 50, 'Comfort Co', 4.9),
(9, 'Fitness Tracker', 'Electronics', 129.99, 180, 'FitTech', 4.7),
(10, 'Coffee Mug', 'Accessories', 9.99, 300, 'MugMasters', 4.1);

--
-- select the Sales database to create the tables
use [Sales Database]
-- Create the student_details
create table student_details (
Student_Name nvarchar(256),
Gender char(1),
Age tinyint,
event_date date,
distance decimal(5,2))

--
--
--
-- select the employee_details database to create the tables
use [employee_details]
--
CREATE TABLE Customers (
    customer_id INT PRIMARY KEY,
    customer_name VARCHAR(100),
    email VARCHAR(100)
);



CREATE TABLE Orders (
    order_id INT PRIMARY KEY,
    customer_id INT,
    order_date DATE,
    amount DECIMAL(10, 2),
    FOREIGN KEY (customer_id) REFERENCES Customers(customer_id)
);



-- Insert data into Customers table
INSERT INTO Customers (customer_id, customer_name, email)
VALUES 
(1, 'Alice Smith', 'alice@example.com'),
(2, 'Bob Johnson', 'bob@example.com'),
(3, 'Charlie Brown', 'charlie@example.com');

-- Insert data into Orders table
INSERT INTO Orders (order_id, customer_id, order_date, amount)
VALUES 
(101, 1, '2024-07-15', 250.00),
(102, 1, '2024-08-05', 300.00),
(103, 2, '2024-08-10', 150.00),
(104, 3, '2024-06-25', 100.00);
--
--
--
create database constraints_1
use [constraints_1]
--
--
--
CREATE TABLE EmployeeSalaries (
    EmployeeID INT,
    EmployeeName VARCHAR(50),
    Salary INT,
    Department VARCHAR(50)
);


INSERT INTO EmployeeSalaries (EmployeeID, EmployeeName, Salary, Department)
VALUES
(1, 'Alice', 50000, 'HR'),
(2, 'Bob', 60000, 'HR'),
(3, 'Charlie', 55000, 'HR'),
(4, 'David', 75000, 'Finance'),
(5, 'Eve', 80000, 'Finance'),
(6, 'Frank', 72000, 'Finance'),
(7, 'Grace', 90000, 'IT'),
(8, 'Heidi', 95000, 'IT'),
(9, 'Ivan', 87000, 'IT');
--
--
--
--
--
--
create database [SQL Basics Questions]

use [SQL Basics Questions]

CREATE TABLE Employees (
    EmployeeID INT PRIMARY KEY,
    FirstName VARCHAR(50),
    LastName VARCHAR(50),
    Department VARCHAR(50),
    Salary DECIMAL(10, 2)
);

INSERT INTO Employees (EmployeeID, FirstName, LastName, Department, Salary) VALUES
(1, 'John', 'Doe', 'HR', 55000.00),
(2, 'Jane', 'Smith', 'IT', 75000.00),
(3, 'Emily', 'Jones', 'Finance', 65000.00),
(4, 'Michael', 'Brown', 'IT', 80000.00),
(5, 'Sarah', 'Davis', 'HR', 60000.00),
(6, 'David', 'Wilson', 'Finance', 70000.00),
(7, 'Laura', 'Garcia', 'IT', 72000.00),
(8, 'Robert', 'Miller', 'HR', 58000.00),
(9, 'Sophia', 'Martinez', 'Finance', 67000.00),
(10, 'James', 'Anderson', 'IT', 81000.00);

--
--
--
create database [SQL Questions]

use [SQL Questions]

-- Create the Customers table
CREATE TABLE Customers (
    CustomerID INT PRIMARY KEY,
    CustomerName VARCHAR(50),
    Country VARCHAR(50)
);

-- Insert data into Customers table
INSERT INTO Customers (CustomerID, CustomerName, Country)
VALUES 
(1, 'Alice', 'USA'),
(2, 'Bob', 'UK'),
(3, 'Charlie', 'Canada'),
(4, 'David', 'USA'),
(5, 'Eve', 'Australia');

-- Create the Orders table
CREATE TABLE Orders (
    OrderID INT PRIMARY KEY,
    CustomerID INT,
    OrderDate DATE,
    ProductID INT,
    FOREIGN KEY (CustomerID) REFERENCES Customers(CustomerID)
);

-- Insert data into Orders table
INSERT INTO Orders (OrderID, CustomerID, OrderDate, ProductID)
VALUES 
(101, 1, '2024-08-01', 1001),
(102, 1, '2024-08-03', 1002),
(103, 2, '2024-08-04', 1001),
(104, 3, '2024-08-05', 1003),
(105, 5, '2024-08-06', 1004);

-- Create the Products table
CREATE TABLE Products (
    ProductID INT PRIMARY KEY,
    ProductName VARCHAR(50),
    Price DECIMAL(10, 2)
);

-- Insert data into Products table
INSERT INTO Products (ProductID, ProductName, Price)
VALUES 
(1001, 'Laptop', 1000),
(1002, 'Smartphone', 700),
(1003, 'Tablet', 500),
(1004, 'Headphones', 200),
(1005, 'Smartwatch', 300);

--
--
--
create database student
use [student]

CREATE TABLE Students (
    student_name VARCHAR(100),
    subject VARCHAR(100),
    marks INT
);


INSERT INTO Students (student_name, subject, marks)
VALUES 
-- Marks for Alice
('Alice', 'Math', 85),
('Alice', 'Science', 88),
('Alice', 'English', 92),

-- Marks for Bob
('Bob', 'Math', 90),
('Bob', 'Science', 78),
('Bob', 'English', 85),

-- Marks for Charlie
('Charlie', 'Math', 85),
('Charlie', 'Science', 82),
('Charlie', 'English', 80),

-- Marks for David
('David', 'Math', 92),
('David', 'Science', 91),
('David', 'English', 89),

-- Marks for Eve
('Eve', 'Math', 90),
('Eve', 'Science', 85),
('Eve', 'English', 87),

-- Marks for Frank
('Frank', 'Math', 75),
('Frank', 'Science', 72),
('Frank', 'English', 78),

-- Marks for Grace
('Grace', 'Math', 85),
('Grace', 'Science', 89),
('Grace', 'English', 90);

--
--
--
--

create database [Profit DB]

use [profit db]

-- Create a table to store monthly profit data for different products
CREATE  TABLE ProfitData (
    MonthNumber INT,
    MonthName VARCHAR(3),
    Product VARCHAR(50),
    Profit INT
);

-- Insert data into the ProfitData table
INSERT INTO ProfitData (MonthNumber, MonthName, Product, Profit) VALUES
(1, 'Jan', 'Product A', 1000),
(2, 'Feb', 'Product A', 1500),
(3, 'Mar', 'Product A', 1200),
(4, 'Apr', 'Product A', 1700),
(5, 'May', 'Product A', 1300),
(6, 'Jun', 'Product A', 1600),
(1, 'Jan', 'Product B', 2000),
(2, 'Feb', 'Product B', 2500),
(3, 'Mar', 'Product B', 2200),
(4, 'Apr', 'Product B', 2700),
(5, 'May', 'Product B', 2300),
(6, 'Jun', 'Product B', 2600);
--
--
--
--
--
--
use [profit db]

CREATE TABLE Customers (
    CustomerID INT PRIMARY KEY,
    FirstName VARCHAR(50),
    LastName VARCHAR(50),
    Email VARCHAR(100),
    PhoneNumber VARCHAR(20),
    Address VARCHAR(255)
);


INSERT INTO Customers (CustomerID, FirstName, LastName, Email, PhoneNumber, Address)
VALUES
(1, 'Alice', 'Johnson', 'alice.johnson@example.com', '555-1234', '123 Elm St'),
(2, 'Bob', 'Smith', NULL, '555-5678', NULL),
(3, 'Charlie', 'Williams', 'charlie.williams@example.com', NULL, '456 Oak St'),
(4, 'Diana', 'Brown', NULL, NULL, '789 Pine St'),
(5, 'Eve', 'Davis', 'eve.davis@example.com', '555-8765', NULL);

--
--
--
-- --------------------- -------
create database [window_func1]

use [window_func1]
--
CREATE TABLE EmployeeSalaries (
    EmployeeID INT,
    EmployeeName VARCHAR(50),
    Salary INT,
    Department VARCHAR(50)
);


INSERT INTO EmployeeSalaries (EmployeeID, EmployeeName, Salary, Department)
VALUES
(1, 'Alice', 50000, 'HR'),
(2, 'Bob', 60000, 'HR'),
(3, 'Charlie', 55000, 'HR'),
(4, 'David', 75000, 'Finance'),
(5, 'Eve', 80000, 'Finance'),
(6, 'Frank', 72000, 'Finance'),
(7, 'Grace', 90000, 'IT'),
(8, 'Heidi', 95000, 'IT'),
(9, 'Ivan', 87000, 'IT');
--
--
--
--
--
--
-- --------------------- -------
create database testDB

use testdb

CREATE TABLE Employees (
    EmployeeID INT PRIMARY KEY,
    FirstName NVARCHAR(50),
    LastName NVARCHAR(50),
    Email NVARCHAR(100) UNIQUE,
    DepartmentID INT,
    HireDate DATE,
    Salary DECIMAL(10, 2)
);


INSERT INTO Employees (EmployeeID, FirstName, LastName, Email, DepartmentID, HireDate, Salary)
VALUES 
(1, 'John', 'Smith', 'john.smith@example.com', 101, '2021-06-15', 75000.00),
(2, 'Jane', 'Doe', 'jane.doe@example.com', 102, '2020-03-10', 85000.00),
(3, 'Michael', 'Johnson', 'michael.johnson@example.com', 101, '2019-11-22', 95000.00),
(4, 'Emily', 'Davis', 'emily.davis@example.com', 103, '2022-01-05', 68000.00),
(5, 'William', 'Brown', 'william.brown@example.com', 102, '2018-07-19', 80000.00);
--
--
--
-- --------------------- -------
create database [Advance_SQL_Ques]
--
use [Advance_SQL_Ques]
--

CREATE TABLE Employees (
    EmployeeID INT PRIMARY KEY,
    EmployeeName NVARCHAR(100),
    Salary DECIMAL(10, 2)
);

INSERT INTO Employees (EmployeeID, EmployeeName, Salary)
VALUES
(1, 'Alice Smith', 70000.00),
(2, 'Bob Johnson', 85000.00),
(3, 'Carol White', 95000.00),
(4, 'David Brown', 60000.00),
(5, 'Eve Davis', 75000.00),
(6, 'Frank Miller', 90000.00),
(7, 'Grace Lee', 80000.00),
(8, 'Hannah Clark', 62000.00),
(9, 'Ivy Harris', 74000.00),
(10, 'Jack Lewis', 98000.00);
--
--
--
-- --------------------- -------